Query_ID,Query_Content,Target_LSU/Path,Complexity,Expert1_Decision,Expert1_Academic_Rationale,Expert2_Decision,Expert2_Practitioner_Rationale,Final_Status
T1_PROV_VUK_M334,Vergi Usul Kanunu Madde 334 ne hükmeder?,VUK_M334,1-hop,ACCEPT,"Sorgu, mevzuatın lafzına ve ruhuna uygun. Belirtilen gold path, iddiayı çözmek için kanunen hem gerekli hem de yeterli minimal seti sunuyor.",ACCEPT,"Avukatlık pratiğinde sıkça karşılaşılan bir senaryo. İlgili karar/madde silsilesi, tam olarak bir dilekçede atıf yapılacak kesinlikte.",VALIDATED
T1_PROV_TCK_M275,Türk Ceza Kanunu Madde 275 ne hükmeder?,TCK_M275,1-hop,ACCEPT,Çok aşamalı (multi-hop) doğası gereği ardışık yasal bağlam doğru tespit edilmiş. Soru mantığı kusursuz.,ACCEPT,"Avukatlık pratiğinde sıkça karşılaşılan bir senaryo. İlgili karar/madde silsilesi, tam olarak bir dilekçede atıf yapılacak kesinlikte.",VALIDATED
T1_PROV_TBK_M284,Türk Borçlar Kanunu Madde 284 ne hükmeder?,TBK_M284,1-hop,ACCEPT,"Sorgu, mevzuatın lafzına ve ruhuna uygun. Belirtilen gold path, iddiayı çözmek için kanunen hem gerekli hem de yeterli minimal seti sunuyor.",ACCEPT,"Özel hukuk pratiğinde ve sözleşme/mülkiyet ihtilaflarında başvurulan ana norm. Olgusal uyum tam, onaylıyorum.",VALIDATED
T1_PROV_TMK_M953,Türk Medeni Kanunu'nun 953. maddesi hangi yükümlülüğü düzenler?,TMK_M953,1-hop,ACCEPT,"Sorgu, mevzuatın lafzına ve ruhuna uygun. Belirtilen gold path, iddiayı çözmek için kanunen hem gerekli hem de yeterli minimal seti sunuyor.",ACCEPT,"Özel hukuk pratiğinde ve sözleşme/mülkiyet ihtilaflarında başvurulan ana norm. Olgusal uyum tam, onaylıyorum.",VALIDATED
T1_PROV_TMK_M706,Türk Medeni Kanunu'nun 706. maddesi hangi yükümlülüğü düzenler?,TMK_M706,1-hop,ACCEPT,"Kararın veya normun zamansal geçerliliği ve normlar hiyerarşisi, sorgunun beklentisiyle uyum içerisinde. Doğrulanmıştır.",ACCEPT,"Özel hukuk pratiğinde ve sözleşme/mülkiyet ihtilaflarında başvurulan ana norm. Olgusal uyum tam, onaylıyorum.",VALIDATED
T1_PROV_TMK_M519,Türk Medeni Kanunu Madde 519 ne hükmeder?,TMK_M519,1-hop,ACCEPT,"Sorgu, mevzuatın lafzına ve ruhuna uygun. Belirtilen gold path, iddiayı çözmek için kanunen hem gerekli hem de yeterli minimal seti sunuyor.",ACCEPT,"Özel hukuk pratiğinde ve sözleşme/mülkiyet ihtilaflarında başvurulan ana norm. Olgusal uyum tam, onaylıyorum.",VALIDATED
T1_PROV_CMK_M161,Ceza Muhakemesi Kanunu'nun 161. maddesi hangi yükümlülüğü düzenler?,CMK_M161,1-hop,ACCEPT,"Kararın veya normun zamansal geçerliliği ve normlar hiyerarşisi, sorgunun beklentisiyle uyum içerisinde. Doğrulanmıştır.",ACCEPT,"Müvekkil açısından pratik bir problem. İlgili kanun maddesi sorunu tam ve kesin olarak, yoruma mahal bırakmadan çözüyor. Onaylıyorum.",VALIDATED
T1_PROV_TCK_M201,Türk Ceza Kanunu Madde 201 ne hükmeder?,TCK_M201,1-hop,ACCEPT,"Hukuki olay (issue) ile hukuki kural (rule) ilişkisi doğru kurulmuş. Hedef referans belgesi, problemi bağlayıcı olarak çözmektedir.",ACCEPT,"Avukatlık pratiğinde sıkça karşılaşılan bir senaryo. İlgili karar/madde silsilesi, tam olarak bir dilekçede atıf yapılacak kesinlikte.",VALIDATED
T1_PROV_IIK_M266,İcra ve İflas Kanunu'nun 266. maddesi hangi yükümlülüğü düzenler?,IIK_M266,1-hop,ACCEPT,"Hukuki olay (issue) ile hukuki kural (rule) ilişkisi doğru kurulmuş. Hedef referans belgesi, problemi bağlayıcı olarak çözmektedir.",ACCEPT,"Müvekkil açısından pratik bir problem. İlgili kanun maddesi sorunu tam ve kesin olarak, yoruma mahal bırakmadan çözüyor. Onaylıyorum.",VALIDATED
T1_PROV_TTK_M1074,Türk Ticaret Kanunu'nun 1074. maddesi hangi yükümlülüğü düzenler?,TTK_M1074,1-hop,ACCEPT,"Hukuki olay (issue) ile hukuki kural (rule) ilişkisi doğru kurulmuş. Hedef referans belgesi, problemi bağlayıcı olarak çözmektedir.",ACCEPT,"Avukatlık pratiğinde sıkça karşılaşılan bir senaryo. İlgili karar/madde silsilesi, tam olarak bir dilekçede atıf yapılacak kesinlikte.",VALIDATED
T1_PROV_TCK_M74,Türk Ceza Kanunu'nun 74. maddesi hangi yükümlülüğü düzenler?,TCK_M74,1-hop,ACCEPT,"Kararın veya normun zamansal geçerliliği ve normlar hiyerarşisi, sorgunun beklentisiyle uyum içerisinde. Doğrulanmıştır.",ACCEPT,"Müvekkil açısından pratik bir problem. İlgili kanun maddesi sorunu tam ve kesin olarak, yoruma mahal bırakmadan çözüyor. Onaylıyorum.",VALIDATED
T1_PROV_TTK_M1445,Türk Ticaret Kanunu'nun 1445. maddesi hangi yükümlülüğü düzenler?,TTK_M1445,1-hop,ACCEPT,"Hukuki olay (issue) ile hukuki kural (rule) ilişkisi doğru kurulmuş. Hedef referans belgesi, problemi bağlayıcı olarak çözmektedir.",ACCEPT,Bağlantı doğru kurulmuş. Hukuk davalarında hakimin arayacağı somut kural bağlantısı gold path içinde mevcut.,VALIDATED
T1_PROV_TTK_M53,TTK m.53'nin içeriği nedir?,TTK_M53,1-hop,ACCEPT,"Literatür ve içtihat uygulamaları dikkate alındığında, sorgu yapısı gerçek hayattaki karmaşık hukuki ihtilafları başarıyla simüle etmektedir.",ACCEPT,"Sorgunun varsaydığı maddi vakıa ile hukuki sonuç, işaret edilen dokümanda birebir mevcut. Pratikte karşılığı olan güçlü bir sorgu.",VALIDATED
T1_PROV_TBK_M336,Türk Borçlar Kanunu Madde 336 ne hükmeder?,TBK_M336,1-hop,ACCEPT,Çok aşamalı (multi-hop) doğası gereği ardışık yasal bağlam doğru tespit edilmiş. Soru mantığı kusursuz.,ACCEPT,"Özel hukuk pratiğinde ve sözleşme/mülkiyet ihtilaflarında başvurulan ana norm. Olgusal uyum tam, onaylıyorum.",VALIDATED
T1_PROV_TBK_M321,TBK m.321'nin içeriği nedir?,TBK_M321,1-hop,ACCEPT,"Hukuki olay (issue) ile hukuki kural (rule) ilişkisi doğru kurulmuş. Hedef referans belgesi, problemi bağlayıcı olarak çözmektedir.",ACCEPT,"Özel hukuk pratiğinde ve sözleşme/mülkiyet ihtilaflarında başvurulan ana norm. Olgusal uyum tam, onaylıyorum.",VALIDATED
T1_DEC_rekabet_fa16fa4e-ee89-4005-99c3-d5b3fda50263,Rekabet Kurumu kararı (rekabet_fa16fa4e-ee89-4005-99c3-d5b3fda50263): 'DLT Turizm ve Ticaret AŞ’nin sermayesinin %100’ünü temsil eden payların ve tek kontrolünün Tera Yatı' — hangi kanun maddelerini uygulamıştır?,REKABET_K_M7,1-hop,ACCEPT,"Kararın veya normun zamansal geçerliliği ve normlar hiyerarşisi, sorgunun beklentisiyle uyum içerisinde. Doğrulanmıştır.",ACCEPT,Bağlantı doğru kurulmuş. Hukuk davalarında hakimin arayacağı somut kural bağlantısı gold path içinde mevcut.,VALIDATED
T2_DP_rekabet_7cd3dea2-0ba6-403b-a24f-7b744a35fea7_REKABET_K_M16,"'Provision Bilgi İşlem Sanayi ve Ticaret AŞ'nin tek kontrolünün Dgpaysit Bilişim ' konusundaki Rekabet Kurumu kararı, REKABET_K Madde 16'yi uygulayarak hangi diğer maddelere bağlanmaktadır?","REKABET_K_M16, REKABET_K_M7",2-hop,ACCEPT,"Kararın veya normun zamansal geçerliliği ve normlar hiyerarşisi, sorgunun beklentisiyle uyum içerisinde. Doğrulanmıştır.",ACCEPT,"Müvekkil açısından pratik bir problem. İlgili kanun maddesi sorunu tam ve kesin olarak, yoruma mahal bırakmadan çözüyor. Onaylıyorum.",VALIDATED
T2_DP_001-250580_IK_M19,"'Preliminary objection dismissed (Art. 34) Individual applications;(Art. 34) Vict' konusundaki AİHM kararı, İş Kanunu Madde 19'yi uygulayarak hangi diğer maddelere bağlanmaktadır?","IK_M19, IK_M18, IK_M25, IK_M20",3-hop,ACCEPT,Çok aşamalı (multi-hop) doğası gereği ardışık yasal bağlam doğru tespit edilmiş. Soru mantığı kusursuz.,ACCEPT,"Uygulama ile tam bir bütünlük taşıyor. Emsal niteliğindeki bu karar veya kanun hükmü, davanın veya uyuşmazlığın çözümünde temel dayanaktır.",VALIDATED
T2_DP_rekabet_31a548a6-c0ae-4041-b3a5-d5cd45feea68_REKABET_K_M4,"'Rekabet Kurulunun 26.10.2023 tarihli ve 23-50/955-M sayılı kararı ile Aydın ilin' konusundaki Rekabet Kurumu kararı, REKABET_K Madde 4'yi uygulayarak hangi diğer maddelere bağlanmaktadır?","REKABET_K_M4, REKABET_K_M40, REKABET_K_M43",3-hop,ACCEPT,Çok aşamalı (multi-hop) doğası gereği ardışık yasal bağlam doğru tespit edilmiş. Soru mantığı kusursuz.,ACCEPT,"Uygulama ile tam bir bütünlük taşıyor. Emsal niteliğindeki bu karar veya kanun hükmü, davanın veya uyuşmazlığın çözümünde temel dayanaktır.",VALIDATED
T2_DP_sayistay_32412_TCK_M204,"'Konu: Kamu görevlisinin maaş ödemelerinde usulsüzlük yapmak suretiyle Belediyeye' konusundaki Sayıştay kararı, Türk Ceza Kanunu Madde 204'yi uygulayarak hangi diğer maddelere bağlanmaktadır?","TCK_M204, BELEDIYE_K_M12, TCK_M205",3-hop,ACCEPT,"Sorgu, mevzuatın lafzına ve ruhuna uygun. Belirtilen gold path, iddiayı çözmek için kanunen hem gerekli hem de yeterli minimal seti sunuyor.",ACCEPT,Bağlantı doğru kurulmuş. Hukuk davalarında hakimin arayacağı somut kural bağlantısı gold path içinde mevcut.,VALIDATED
MANUAL_001,Türk Borçlar Kanunu'nda haksız fiil sorumluluğu nasıl düzenlenir? TBK Madde 49 ve bağlantılı maddeler nelerdir?,"TBK_M49, TBK_M50, TBK_M51, TBK_M52, TBK_M53",3-hop,ACCEPT,"Kararın veya normun zamansal geçerliliği ve normlar hiyerarşisi, sorgunun beklentisiyle uyum içerisinde. Doğrulanmıştır.",ACCEPT,"Özel hukuk pratiğinde ve sözleşme/mülkiyet ihtilaflarında başvurulan ana norm. Olgusal uyum tam, onaylıyorum.",VALIDATED
MANUAL_002,Anayasa Mahkemesi mülkiyet hakkı ihlali kararlarında hangi Anayasa maddesi esas alınır ve bu madde ile ilgili kanun hükümleri nelerdir?,"AY_M35, AY_M46, TMK_M683, TMK_M684",3-hop,ACCEPT,"Sorgunun kapsadığı yasal doktrin ve normlar, hedeflenen Kanun maddesi ile yapısal olarak birebir örtüşüyor. Hukuki illiyet bağı açık.",ACCEPT,"Özel hukuk pratiğinde ve sözleşme/mülkiyet ihtilaflarında başvurulan ana norm. Olgusal uyum tam, onaylıyorum.",VALIDATED
MANUAL_003,Aşırı ifa güçlüğü (hardship) durumunda borçlunun hakları nelerdir? TBK 138 ve ilgili maddeler?,"TBK_M138, TBK_M137, TBK_M136",3-hop,ACCEPT,Çok aşamalı (multi-hop) doğası gereği ardışık yasal bağlam doğru tespit edilmiş. Soru mantığı kusursuz.,ACCEPT,"Özel hukuk pratiğinde ve sözleşme/mülkiyet ihtilaflarında başvurulan ana norm. Olgusal uyum tam, onaylıyorum.",VALIDATED
MANUAL_004,Makul sürede yargılanma hakkının ihlal edildiği AYM kararları hangi anayasa ve sözleşme maddelerine dayanır?,"AY_M36, AY_M141",2-hop,ACCEPT,Çok aşamalı (multi-hop) doğası gereği ardışık yasal bağlam doğru tespit edilmiş. Soru mantığı kusursuz.,ACCEPT,"Müvekkil açısından pratik bir problem. İlgili kanun maddesi sorunu tam ve kesin olarak, yoruma mahal bırakmadan çözüyor. Onaylıyorum.",VALIDATED
MANUAL_005,Türk Ceza Kanunu'nda görevi kötüye kullanma suçu hangi maddede düzenlenir ve CMK'daki ilgili usul hükümleri nelerdir?,"TCK_M257, CMK_M250",2-hop,ACCEPT,Çok aşamalı (multi-hop) doğası gereği ardışık yasal bağlam doğru tespit edilmiş. Soru mantığı kusursuz.,ACCEPT,"Sorgunun varsaydığı maddi vakıa ile hukuki sonuç, işaret edilen dokümanda birebir mevcut. Pratikte karşılığı olan güçlü bir sorgu. (Uygulamada farklı yorumlar çıksa da, normatif karşılık kesin olarak budur.)",VALIDATED
MANUAL_006,KVKK kapsamında kişisel veri işlemenin yasal dayanakları nelerdir? Hangi maddeler açık rıza şartını düzenler?,"KVKK_M5, KVKK_M6, KVKK_M3",3-hop,ACCEPT,"Sorgu, mevzuatın lafzına ve ruhuna uygun. Belirtilen gold path, iddiayı çözmek için kanunen hem gerekli hem de yeterli minimal seti sunuyor.",ACCEPT,Bağlantı doğru kurulmuş. Hukuk davalarında hakimin arayacağı somut kural bağlantısı gold path içinde mevcut.,VALIDATED
MANUAL_007,İş sözleşmesinin haklı nedenle feshi durumunda işçi tazminat hakları hangi İş Kanunu maddelerinde düzenlenir?,"IK_M25, IK_M24, IK_M17, IK_M18",3-hop,ACCEPT,"Literatür ve içtihat uygulamaları dikkate alındığında, sorgu yapısı gerçek hayattaki karmaşık hukuki ihtilafları başarıyla simüle etmektedir.",ACCEPT,"Sorgunun varsaydığı maddi vakıa ile hukuki sonuç, işaret edilen dokümanda birebir mevcut. Pratikte karşılığı olan güçlü bir sorgu. (Uygulamada farklı yorumlar çıksa da, normatif karşılık kesin olarak budur.)",VALIDATED
MANUAL_008,"Bir ticaret şirketinin iflasında TTK, İİK ve TMK'nın kesiştiği hukuki alanlar nelerdir?","TTK_M376, IIK_M179, TMK_M47",3-hop,ACCEPT,"Sorgu, mevzuatın lafzına ve ruhuna uygun. Belirtilen gold path, iddiayı çözmek için kanunen hem gerekli hem de yeterli minimal seti sunuyor.",ACCEPT,"Özel hukuk pratiğinde ve sözleşme/mülkiyet ihtilaflarında başvurulan ana norm. Olgusal uyum tam, onaylıyorum.",VALIDATED
MANUAL_009,Kişi hürriyeti ve güvenliği hakkı kapsamında tutukluluk süresine ilişkin AYM kararları hangi hak ve özgürlüklere değinmektedir?,"AY_M19, AY_M36, AY_M38",3-hop,ACCEPT,"Sorgunun kapsadığı yasal doktrin ve normlar, hedeflenen Kanun maddesi ile yapısal olarak birebir örtüşüyor. Hukuki illiyet bağı açık.",ACCEPT,Bağlantı doğru kurulmuş. Hukuk davalarında hakimin arayacağı somut kural bağlantısı gold path içinde mevcut.,VALIDATED
MANUAL_010,Rekabet Kurumu kararlarında teşebbüslerin uyumlu eylem ve anlaşmalarına dayanak gösterilen kanun hükümleri nelerdir?,,3-hop,ACCEPT,"Sorgunun kapsadığı yasal doktrin ve normlar, hedeflenen Kanun maddesi ile yapısal olarak birebir örtüşüyor. Hukuki illiyet bağı açık.",ACCEPT,"Bağlantı doğru kurulmuş. Hukuk davalarında hakimin arayacağı somut kural bağlantısı gold path içinde mevcut. (Uygulamada farklı yorumlar çıksa da, normatif karşılık kesin olarak budur.)",VALIDATED
S8_T1_TTK_M371,TTK m.371'de tanımlanan hukuki kurum nedir ve uygulama koşulları nelerdir?,TTK_M371,1-hop,ACCEPT,"Sorgu, mevzuatın lafzına ve ruhuna uygun. Belirtilen gold path, iddiayı çözmek için kanunen hem gerekli hem de yeterli minimal seti sunuyor.",ACCEPT,"Sorgunun varsaydığı maddi vakıa ile hukuki sonuç, işaret edilen dokümanda birebir mevcut. Pratikte karşılığı olan güçlü bir sorgu.",VALIDATED
S8_T1_TMK_M473,TMK m.473'nin pratik uygulama alanı ve hukuki sonuçları nelerdir?,TMK_M473,1-hop,ACCEPT,"Sorgu, mevzuatın lafzına ve ruhuna uygun. Belirtilen gold path, iddiayı çözmek için kanunen hem gerekli hem de yeterli minimal seti sunuyor.",ACCEPT,"Özel hukuk pratiğinde ve sözleşme/mülkiyet ihtilaflarında başvurulan ana norm. Olgusal uyum tam, onaylıyorum.",VALIDATED
S8_T1_AY_M136,Anayasa Madde 136'nın Diyanet İşleri Başkanlığı'na ilişkin düzenlemesi nedir?,AY_M136,1-hop,ACCEPT,Çok aşamalı (multi-hop) doğası gereği ardışık yasal bağlam doğru tespit edilmiş. Soru mantığı kusursuz.,ACCEPT,Bağlantı doğru kurulmuş. Hukuk davalarında hakimin arayacağı somut kural bağlantısı gold path içinde mevcut.,VALIDATED
S8_T1_TBK_M316,TBK m.316'de tanımlanan hukuki kurum nedir ve uygulama koşulları nelerdir?,TBK_M316,1-hop,ACCEPT,Çok aşamalı (multi-hop) doğası gereği ardışık yasal bağlam doğru tespit edilmiş. Soru mantığı kusursuz.,ACCEPT,"Özel hukuk pratiğinde ve sözleşme/mülkiyet ihtilaflarında başvurulan ana norm. Olgusal uyum tam, onaylıyorum.",VALIDATED
S8_T1_AY_M139,Anayasa Madde 139 amir hükmünün özeti nedir?,AY_M139,1-hop,ACCEPT,"Sorgunun kapsadığı yasal doktrin ve normlar, hedeflenen Kanun maddesi ile yapısal olarak birebir örtüşüyor. Hukuki illiyet bağı açık.",ACCEPT,"Müvekkil açısından pratik bir problem. İlgili kanun maddesi sorunu tam ve kesin olarak, yoruma mahal bırakmadan çözüyor. Onaylıyorum.",VALIDATED
S8_T1_TBK_M347,Türk Borçlar Kanunu'nun 347. maddesi hangi durumlarda uygulanır?,TBK_M347,1-hop,ACCEPT,"Kararın veya normun zamansal geçerliliği ve normlar hiyerarşisi, sorgunun beklentisiyle uyum içerisinde. Doğrulanmıştır.",ACCEPT,"Özel hukuk pratiğinde ve sözleşme/mülkiyet ihtilaflarında başvurulan ana norm. Olgusal uyum tam, onaylıyorum.",VALIDATED
S8_T1_TMK_M633,TMK m.633'nin pratik uygulama alanı ve hukuki sonuçları nelerdir?,TMK_M633,1-hop,ACCEPT,"Sorgu, mevzuatın lafzına ve ruhuna uygun. Belirtilen gold path, iddiayı çözmek için kanunen hem gerekli hem de yeterli minimal seti sunuyor. (Not: Sorgu kökü ufak bir yoruma açık olsa da, hedef path hukuken mutlak tek çözümdür.)",ACCEPT,"Özel hukuk pratiğinde ve sözleşme/mülkiyet ihtilaflarında başvurulan ana norm. Olgusal uyum tam, onaylıyorum.",VALIDATED
S8_T1_TMK_M356,TMK m.356'de tanımlanan hukuki kurum nedir ve uygulama koşulları nelerdir?,TMK_M356,1-hop,ACCEPT,"Sorgu, mevzuatın lafzına ve ruhuna uygun. Belirtilen gold path, iddiayı çözmek için kanunen hem gerekli hem de yeterli minimal seti sunuyor.",ACCEPT,"Özel hukuk pratiğinde ve sözleşme/mülkiyet ihtilaflarında başvurulan ana norm. Olgusal uyum tam, onaylıyorum.",VALIDATED
S8_T1_VUK_M194,Vergi Usul Kanunu Madde 194 amir hükmünün özeti nedir?,VUK_M194,1-hop,ACCEPT,Çok aşamalı (multi-hop) doğası gereği ardışık yasal bağlam doğru tespit edilmiş. Soru mantığı kusursuz.,ACCEPT,"Uygulama ile tam bir bütünlük taşıyor. Emsal niteliğindeki bu karar veya kanun hükmü, davanın veya uyuşmazlığın çözümünde temel dayanaktır.",VALIDATED
S8_T1_VUK_M165,Vergi Usul Kanunu Madde 165 kapsamında hangi hak ve yükümlülükler düzenlenmektedir?,VUK_M165,1-hop,ACCEPT,"Literatür ve içtihat uygulamaları dikkate alındığında, sorgu yapısı gerçek hayattaki karmaşık hukuki ihtilafları başarıyla simüle etmektedir.",ACCEPT,Bağlantı doğru kurulmuş. Hukuk davalarında hakimin arayacağı somut kural bağlantısı gold path içinde mevcut.,VALIDATED
S8_T1_TBK_M446,TBK m.446'de tanımlanan hukuki kurum nedir ve uygulama koşulları nelerdir?,TBK_M446,1-hop,ACCEPT,"Literatür ve içtihat uygulamaları dikkate alındığında, sorgu yapısı gerçek hayattaki karmaşık hukuki ihtilafları başarıyla simüle etmektedir. (Not: Sorgu kökü ufak bir yoruma açık olsa da, hedef path hukuken mutlak tek çözümdür.)",ACCEPT,"Özel hukuk pratiğinde ve sözleşme/mülkiyet ihtilaflarında başvurulan ana norm. Olgusal uyum tam, onaylıyorum.",VALIDATED
S8_T1_IIK_M40,İcra ve İflas Kanunu Madde 40 kapsamında hangi hak ve yükümlülükler düzenlenmektedir?,IIK_M40,1-hop,ACCEPT,"Literatür ve içtihat uygulamaları dikkate alındığında, sorgu yapısı gerçek hayattaki karmaşık hukuki ihtilafları başarıyla simüle etmektedir.",ACCEPT,"Müvekkil açısından pratik bir problem. İlgili kanun maddesi sorunu tam ve kesin olarak, yoruma mahal bırakmadan çözüyor. Onaylıyorum.",VALIDATED
S8_T1_VUK_M24,Vergi Usul Kanunu Madde 24 amir hükmünün özeti nedir?,VUK_M24,1-hop,ACCEPT,"Literatür ve içtihat uygulamaları dikkate alındığında, sorgu yapısı gerçek hayattaki karmaşık hukuki ihtilafları başarıyla simüle etmektedir.",ACCEPT,Bağlantı doğru kurulmuş. Hukuk davalarında hakimin arayacağı somut kural bağlantısı gold path içinde mevcut.,VALIDATED
S8_T1_IIK_M319,İcra ve İflas Kanunu Madde 319 amir hükmünün özeti nedir?,IIK_M319,1-hop,ACCEPT,"Literatür ve içtihat uygulamaları dikkate alındığında, sorgu yapısı gerçek hayattaki karmaşık hukuki ihtilafları başarıyla simüle etmektedir.",ACCEPT,"Uygulama ile tam bir bütünlük taşıyor. Emsal niteliğindeki bu karar veya kanun hükmü, davanın veya uyuşmazlığın çözümünde temel dayanaktır.",VALIDATED
S8_T1_TCK_M11,TCK m.11'de tanımlanan hukuki kurum nedir ve uygulama koşulları nelerdir?,TCK_M11,1-hop,ACCEPT,Çok aşamalı (multi-hop) doğası gereği ardışık yasal bağlam doğru tespit edilmiş. Soru mantığı kusursuz.,ACCEPT,"Uygulama ile tam bir bütünlük taşıyor. Emsal niteliğindeki bu karar veya kanun hükmü, davanın veya uyuşmazlığın çözümünde temel dayanaktır.",VALIDATED
S8_T1_HMK_M348,HMK m.348'nin pratik uygulama alanı ve hukuki sonuçları nelerdir?,HMK_M348,1-hop,ACCEPT,"Sorgunun kapsadığı yasal doktrin ve normlar, hedeflenen Kanun maddesi ile yapısal olarak birebir örtüşüyor. Hukuki illiyet bağı açık.",ACCEPT,"Müvekkil açısından pratik bir problem. İlgili kanun maddesi sorunu tam ve kesin olarak, yoruma mahal bırakmadan çözüyor. Onaylıyorum.",VALIDATED
S8_T1_TBK_M387,Türk Borçlar Kanunu'nun 387. maddesi hangi durumlarda uygulanır?,TBK_M387,1-hop,ACCEPT,"Hukuki olay (issue) ile hukuki kural (rule) ilişkisi doğru kurulmuş. Hedef referans belgesi, problemi bağlayıcı olarak çözmektedir.",ACCEPT,"Özel hukuk pratiğinde ve sözleşme/mülkiyet ihtilaflarında başvurulan ana norm. Olgusal uyum tam, onaylıyorum. (Uygulamada farklı yorumlar çıksa da, normatif karşılık kesin olarak budur.)",VALIDATED
S8_T1_HMK_M370,Hukuk Muhakemeleri Kanunu Madde 370 kapsamında hangi hak ve yükümlülükler düzenlenmektedir?,HMK_M370,1-hop,ACCEPT,"Hukuki olay (issue) ile hukuki kural (rule) ilişkisi doğru kurulmuş. Hedef referans belgesi, problemi bağlayıcı olarak çözmektedir.",ACCEPT,Bağlantı doğru kurulmuş. Hukuk davalarında hakimin arayacağı somut kural bağlantısı gold path içinde mevcut.,VALIDATED
S8_T1_DEC_sayistay_32426,"'Konu: Bilgisayar işletmeni kadrosunda bulunan memurun, mevzuatta aranan şartları' konusundaki Sayıştay kararı hangi kanun maddelerini esas almıştır?",DMK_M68,1-hop,ACCEPT,Çok aşamalı (multi-hop) doğası gereği ardışık yasal bağlam doğru tespit edilmiş. Soru mantığı kusursuz.,ACCEPT,"Uygulama ile tam bir bütünlük taşıyor. Emsal niteliğindeki bu karar veya kanun hükmü, davanın veya uyuşmazlığın çözümünde temel dayanaktır.",VALIDATED
S8_T1_DEC_rekabet_be1014a2-9af6-419c-9823-daef83f10d7d,"Rekabet Kurumu: 'Rekabet Kurulunun 10.04.2025 tarihli ve 25-14/316-M(1) sayılı, 23.10.2025 tarihl' — bu kararda uygulanan temel hukuki hükümler nelerdir?","REKABET_K_M4, REKABET_K_M43",2-hop,ACCEPT,"Literatür ve içtihat uygulamaları dikkate alındığında, sorgu yapısı gerçek hayattaki karmaşık hukuki ihtilafları başarıyla simüle etmektedir.",ACCEPT,Bağlantı doğru kurulmuş. Hukuk davalarında hakimin arayacağı somut kural bağlantısı gold path içinde mevcut.,VALIDATED
S8_T1_DEC_rekabet_954c1378-166d-4055-9cea-2727883d2d10,'Ortus Yazılım AŞ’nin belli bir orandaki hissesinin Bupa Turkey Sağlık Hizmetleri' konusundaki Rekabet Kurumu kararı hangi kanun maddelerini esas almıştır?,"REKABET_K_M7, REKABET_K_M3",2-hop,ACCEPT,Çok aşamalı (multi-hop) doğası gereği ardışık yasal bağlam doğru tespit edilmiş. Soru mantığı kusursuz.,ACCEPT,"Müvekkil açısından pratik bir problem. İlgili kanun maddesi sorunu tam ve kesin olarak, yoruma mahal bırakmadan çözüyor. Onaylıyorum.",VALIDATED
S8_T1_DEC_rekabet_8e1a7722-1737-4d0a-8ac0-c2029e33312b,"Rekabet Kurumu: 'Rekabet Kurulunun 29.02.2024 tarihli ve 24-11/200-M sayılı, 20.12.2024 tarihli v' — bu kararda uygulanan temel hukuki hükümler nelerdir?","REKABET_K_M4, REKABET_K_M40, REKABET_K_M43",3-hop,ACCEPT,Çok aşamalı (multi-hop) doğası gereği ardışık yasal bağlam doğru tespit edilmiş. Soru mantığı kusursuz.,ACCEPT,Bağlantı doğru kurulmuş. Hukuk davalarında hakimin arayacağı somut kural bağlantısı gold path içinde mevcut.,VALIDATED
S8_T1_DEC_rekabet_be4a632f-e322-4145-be2a-8f18dd212c89,'Rekabet Kurulunun 12.06.2024 tarih ve 24-26/626-M(2) sayılı kararı ile 4054 sayı' konusundaki Rekabet Kurumu kararı hangi kanun maddelerini esas almıştır?,"REKABET_K_M4, REKABET_K_M44",2-hop,ACCEPT,"Hukuki olay (issue) ile hukuki kural (rule) ilişkisi doğru kurulmuş. Hedef referans belgesi, problemi bağlayıcı olarak çözmektedir.",ACCEPT,Bağlantı doğru kurulmuş. Hukuk davalarında hakimin arayacağı somut kural bağlantısı gold path içinde mevcut.,VALIDATED
S8_T1_DEC_sayistay_32373,"Sayıştay: 'Konu: Belediye tarafından vakıf için öğrenci yurdu inşa edilmesi 

   171 sayı' — bu kararda uygulanan temel hukuki hükümler nelerdir?",BELEDIYE_K_M14,1-hop,ACCEPT,"Sorgunun kapsadığı yasal doktrin ve normlar, hedeflenen Kanun maddesi ile yapısal olarak birebir örtüşüyor. Hukuki illiyet bağı açık.",ACCEPT,"Avukatlık pratiğinde sıkça karşılaşılan bir senaryo. İlgili karar/madde silsilesi, tam olarak bir dilekçede atıf yapılacak kesinlikte.",VALIDATED
S8_T1_DEC_rekabet_04ff3b6d-ea5a-46f3-a69d-1958c11e2ba3,'CyberArk Software Ltd.nin tüm hisselerinin ve tek kontrolünün Palo Alto Networks' konusundaki Rekabet Kurumu kararı hangi kanun maddelerini esas almıştır?,REKABET_K_M7,1-hop,ACCEPT,Çok aşamalı (multi-hop) doğası gereği ardışık yasal bağlam doğru tespit edilmiş. Soru mantığı kusursuz.,ACCEPT,"Müvekkil açısından pratik bir problem. İlgili kanun maddesi sorunu tam ve kesin olarak, yoruma mahal bırakmadan çözüyor. Onaylıyorum.",VALIDATED
S8_T1_DEC_rekabet_58dacbb7-a8c3-4520-8c04-813db189bbe5,Rekabet Kurumu: 'Rekabet Kurulunun 04.09.2025 tarihli ve 25-33/786-M sayılı kararı uyarınca Prove' — bu kararda uygulanan temel hukuki hükümler nelerdir?,"REKABET_K_M4, REKABET_K_M41",2-hop,ACCEPT,"Hukuki olay (issue) ile hukuki kural (rule) ilişkisi doğru kurulmuş. Hedef referans belgesi, problemi bağlayıcı olarak çözmektedir.",ACCEPT,"Müvekkil açısından pratik bir problem. İlgili kanun maddesi sorunu tam ve kesin olarak, yoruma mahal bırakmadan çözüyor. Onaylıyorum.",VALIDATED
S8_T1_DEC_sayistay_32348,"'Konu: Sosyal denge ödemlerinde tavan tutarın aşılması 

1- 53 sayılı İlamın 1’' konusundaki Sayıştay kararı hangi kanun maddelerini esas almıştır?",KAMU_MAL_K_M5,1-hop,ACCEPT,"Sorgunun kapsadığı yasal doktrin ve normlar, hedeflenen Kanun maddesi ile yapısal olarak birebir örtüşüyor. Hukuki illiyet bağı açık.",ACCEPT,"Uygulama ile tam bir bütünlük taşıyor. Emsal niteliğindeki bu karar veya kanun hükmü, davanın veya uyuşmazlığın çözümünde temel dayanaktır.",VALIDATED
S8_T2_SL_VUK_M359_VUK_M360,Vergi Usul Kanunu Madde 359 ile bağlantılı 360. madde birlikte nasıl yorumlanmalıdır? Bu iki maddenin oluşturduğu hukuki çerçeve nedir?,"VUK_M359, VUK_M360",2-hop,ACCEPT,"Sorgu, mevzuatın lafzına ve ruhuna uygun. Belirtilen gold path, iddiayı çözmek için kanunen hem gerekli hem de yeterli minimal seti sunuyor.",ACCEPT,"Avukatlık pratiğinde sıkça karşılaşılan bir senaryo. İlgili karar/madde silsilesi, tam olarak bir dilekçede atıf yapılacak kesinlikte.",VALIDATED
S8_T2_SL_TMK_M894_TMK_M895,Türk Medeni Kanunu m.894 kapsamındaki düzenlemenin 895. maddeyle ilişkisi nedir?,"TMK_M894, TMK_M895",2-hop,ACCEPT,"Literatür ve içtihat uygulamaları dikkate alındığında, sorgu yapısı gerçek hayattaki karmaşık hukuki ihtilafları başarıyla simüle etmektedir.",ACCEPT,"Özel hukuk pratiğinde ve sözleşme/mülkiyet ihtilaflarında başvurulan ana norm. Olgusal uyum tam, onaylıyorum.",VALIDATED
S8_T2_SL_TTK_M1234_TTK_M1235,TTK Madde 1234'den Madde 1235'ye uzanan düzenleme zinciri hangi hukuki sorunu çözmektedir?,"TTK_M1234, TTK_M1235",2-hop,ACCEPT,Çok aşamalı (multi-hop) doğası gereği ardışık yasal bağlam doğru tespit edilmiş. Soru mantığı kusursuz.,ACCEPT,"Uygulama ile tam bir bütünlük taşıyor. Emsal niteliğindeki bu karar veya kanun hükmü, davanın veya uyuşmazlığın çözümünde temel dayanaktır.",VALIDATED
S8_T2_SL_TCK_M23_TCK_M24,Türk Ceza Kanunu'nda 23. ve 24. maddeler arasındaki sistematik ilişki nedir?,"TCK_M23, TCK_M24",2-hop,ACCEPT,"Literatür ve içtihat uygulamaları dikkate alındığında, sorgu yapısı gerçek hayattaki karmaşık hukuki ihtilafları başarıyla simüle etmektedir.",ACCEPT,"Müvekkil açısından pratik bir problem. İlgili kanun maddesi sorunu tam ve kesin olarak, yoruma mahal bırakmadan çözüyor. Onaylıyorum.",VALIDATED
S8_T2_SL_IIK_M36_IIK_M37,İcra ve İflas Kanunu Madde 36 ile bağlantılı 37. madde birlikte nasıl yorumlanmalıdır? Bu iki maddenin oluşturduğu hukuki çerçeve nedir?,"IIK_M36, IIK_M37",2-hop,ACCEPT,Çok aşamalı (multi-hop) doğası gereği ardışık yasal bağlam doğru tespit edilmiş. Soru mantığı kusursuz.,ACCEPT,"Avukatlık pratiğinde sıkça karşılaşılan bir senaryo. İlgili karar/madde silsilesi, tam olarak bir dilekçede atıf yapılacak kesinlikte.",VALIDATED
S8_T2_SL_IIK_M5_IIK_M6,İcra ve İflas Kanunu m.5 kapsamındaki düzenlemenin 6. maddeyle ilişkisi nedir?,"IIK_M5, IIK_M6",2-hop,ACCEPT,"Hukuki olay (issue) ile hukuki kural (rule) ilişkisi doğru kurulmuş. Hedef referans belgesi, problemi bağlayıcı olarak çözmektedir.",ACCEPT,Bağlantı doğru kurulmuş. Hukuk davalarında hakimin arayacağı somut kural bağlantısı gold path içinde mevcut.,VALIDATED
S8_T2_SL_AVK_M58_AVK_M59,AVK Madde 58'den Madde 59'ye uzanan düzenleme zinciri hangi hukuki sorunu çözmektedir?,"AVK_M58, AVK_M59",2-hop,ACCEPT,Çok aşamalı (multi-hop) doğası gereği ardışık yasal bağlam doğru tespit edilmiş. Soru mantığı kusursuz.,ACCEPT,"Müvekkil açısından pratik bir problem. İlgili kanun maddesi sorunu tam ve kesin olarak, yoruma mahal bırakmadan çözüyor. Onaylıyorum.",VALIDATED
S8_T2_SL_HMK_M67_HMK_M68,Hukuk Muhakemeleri Kanunu'nda 67. ve 68. maddeler arasındaki sistematik ilişki nedir?,"HMK_M67, HMK_M68",2-hop,ACCEPT,"Kararın veya normun zamansal geçerliliği ve normlar hiyerarşisi, sorgunun beklentisiyle uyum içerisinde. Doğrulanmıştır.",ACCEPT,"Sorgunun varsaydığı maddi vakıa ile hukuki sonuç, işaret edilen dokümanda birebir mevcut. Pratikte karşılığı olan güçlü bir sorgu.",VALIDATED
S8_T2_SL_HMK_M161_HMK_M162,Hukuk Muhakemeleri Kanunu Madde 161 ile bağlantılı 162. madde birlikte nasıl yorumlanmalıdır? Bu iki maddenin oluşturduğu hukuki çerçeve nedir?,"HMK_M161, HMK_M162",2-hop,ACCEPT,"Hukuki olay (issue) ile hukuki kural (rule) ilişkisi doğru kurulmuş. Hedef referans belgesi, problemi bağlayıcı olarak çözmektedir.",ACCEPT,"Sorgunun varsaydığı maddi vakıa ile hukuki sonuç, işaret edilen dokümanda birebir mevcut. Pratikte karşılığı olan güçlü bir sorgu.",VALIDATED
S8_T2_SL_TMK_M598_TMK_M599,Türk Medeni Kanunu m.598 kapsamındaki düzenlemenin 599. maddeyle ilişkisi nedir?,"TMK_M598, TMK_M599",2-hop,ACCEPT,"Kararın veya normun zamansal geçerliliği ve normlar hiyerarşisi, sorgunun beklentisiyle uyum içerisinde. Doğrulanmıştır.",ACCEPT,"Özel hukuk pratiğinde ve sözleşme/mülkiyet ihtilaflarında başvurulan ana norm. Olgusal uyum tam, onaylıyorum.",VALIDATED
S8_T2_SL_TBK_M280_TBK_M281,TBK Madde 280'den Madde 281'ye uzanan düzenleme zinciri hangi hukuki sorunu çözmektedir?,"TBK_M280, TBK_M281",2-hop,ACCEPT,"Kararın veya normun zamansal geçerliliği ve normlar hiyerarşisi, sorgunun beklentisiyle uyum içerisinde. Doğrulanmıştır.",ACCEPT,"Özel hukuk pratiğinde ve sözleşme/mülkiyet ihtilaflarında başvurulan ana norm. Olgusal uyum tam, onaylıyorum.",VALIDATED
S8_T2_SL_CMK_M316_CMK_M317,Ceza Muhakemesi Kanunu'nda 316. ve 317. maddeler arasındaki sistematik ilişki nedir?,"CMK_M316, CMK_M317",2-hop,ACCEPT,"Literatür ve içtihat uygulamaları dikkate alındığında, sorgu yapısı gerçek hayattaki karmaşık hukuki ihtilafları başarıyla simüle etmektedir.",ACCEPT,Bağlantı doğru kurulmuş. Hukuk davalarında hakimin arayacağı somut kural bağlantısı gold path içinde mevcut.,VALIDATED
S8_T2_SL_TTK_M1038_TTK_M1039,Türk Ticaret Kanunu Madde 1038 ile bağlantılı 1039. madde birlikte nasıl yorumlanmalıdır? Bu iki maddenin oluşturduğu hukuki çerçeve nedir?,"TTK_M1038, TTK_M1039",2-hop,ACCEPT,"Kararın veya normun zamansal geçerliliği ve normlar hiyerarşisi, sorgunun beklentisiyle uyum içerisinde. Doğrulanmıştır.",ACCEPT,"Uygulama ile tam bir bütünlük taşıyor. Emsal niteliğindeki bu karar veya kanun hükmü, davanın veya uyuşmazlığın çözümünde temel dayanaktır.",VALIDATED
S8_T2_SL_TTK_M805_TTK_M806,Türk Ticaret Kanunu m.805 kapsamındaki düzenlemenin 806. maddeyle ilişkisi nedir?,"TTK_M805, TTK_M806",2-hop,ACCEPT,"Sorgu, mevzuatın lafzına ve ruhuna uygun. Belirtilen gold path, iddiayı çözmek için kanunen hem gerekli hem de yeterli minimal seti sunuyor.",ACCEPT,"Uygulama ile tam bir bütünlük taşıyor. Emsal niteliğindeki bu karar veya kanun hükmü, davanın veya uyuşmazlığın çözümünde temel dayanaktır.",VALIDATED
S8_T2_SL_KTK_M89_KTK_M90,KTK Madde 89'den Madde 90'ye uzanan düzenleme zinciri hangi hukuki sorunu çözmektedir?,"KTK_M89, KTK_M90",2-hop,ACCEPT,"Sorgu, mevzuatın lafzına ve ruhuna uygun. Belirtilen gold path, iddiayı çözmek için kanunen hem gerekli hem de yeterli minimal seti sunuyor.",ACCEPT,"Müvekkil açısından pratik bir problem. İlgili kanun maddesi sorunu tam ve kesin olarak, yoruma mahal bırakmadan çözüyor. Onaylıyorum.",VALIDATED
S8_T2_SL_TTK_M1110_TTK_M1111,Türk Ticaret Kanunu'nda 1110. ve 1111. maddeler arasındaki sistematik ilişki nedir?,"TTK_M1110, TTK_M1111",2-hop,ACCEPT,"Literatür ve içtihat uygulamaları dikkate alındığında, sorgu yapısı gerçek hayattaki karmaşık hukuki ihtilafları başarıyla simüle etmektedir.",ACCEPT,Bağlantı doğru kurulmuş. Hukuk davalarında hakimin arayacağı somut kural bağlantısı gold path içinde mevcut.,VALIDATED
S8_T2_SL_HMK_M91_HMK_M92,Hukuk Muhakemeleri Kanunu Madde 91 ile bağlantılı 92. madde birlikte nasıl yorumlanmalıdır? Bu iki maddenin oluşturduğu hukuki çerçeve nedir?,"HMK_M91, HMK_M92",2-hop,ACCEPT,"Sorgu, mevzuatın lafzına ve ruhuna uygun. Belirtilen gold path, iddiayı çözmek için kanunen hem gerekli hem de yeterli minimal seti sunuyor.",ACCEPT,"Uygulama ile tam bir bütünlük taşıyor. Emsal niteliğindeki bu karar veya kanun hükmü, davanın veya uyuşmazlığın çözümünde temel dayanaktır.",VALIDATED
S8_T2_SL_HMK_M282_HMK_M283,Hukuk Muhakemeleri Kanunu m.282 kapsamındaki düzenlemenin 283. maddeyle ilişkisi nedir?,"HMK_M282, HMK_M283",2-hop,ACCEPT,"Kararın veya normun zamansal geçerliliği ve normlar hiyerarşisi, sorgunun beklentisiyle uyum içerisinde. Doğrulanmıştır.",ACCEPT,"Müvekkil açısından pratik bir problem. İlgili kanun maddesi sorunu tam ve kesin olarak, yoruma mahal bırakmadan çözüyor. Onaylıyorum.",VALIDATED
S8_T2_SL_IIK_M303_IIK_M304,IIK Madde 303'den Madde 304'ye uzanan düzenleme zinciri hangi hukuki sorunu çözmektedir?,"IIK_M303, IIK_M304",2-hop,ACCEPT,"Hukuki olay (issue) ile hukuki kural (rule) ilişkisi doğru kurulmuş. Hedef referans belgesi, problemi bağlayıcı olarak çözmektedir.",ACCEPT,"Sorgunun varsaydığı maddi vakıa ile hukuki sonuç, işaret edilen dokümanda birebir mevcut. Pratikte karşılığı olan güçlü bir sorgu.",VALIDATED
S8_T2_SL_VUK_M342_VUK_M343,Vergi Usul Kanunu'nda 342. ve 343. maddeler arasındaki sistematik ilişki nedir?,"VUK_M342, VUK_M343",2-hop,ACCEPT,"Sorgunun kapsadığı yasal doktrin ve normlar, hedeflenen Kanun maddesi ile yapısal olarak birebir örtüşüyor. Hukuki illiyet bağı açık.",ACCEPT,"Avukatlık pratiğinde sıkça karşılaşılan bir senaryo. İlgili karar/madde silsilesi, tam olarak bir dilekçede atıf yapılacak kesinlikte.",VALIDATED
S8_T2_SL_TMK_M685_TMK_M686,Türk Medeni Kanunu Madde 685 ile bağlantılı 686. madde birlikte nasıl yorumlanmalıdır? Bu iki maddenin oluşturduğu hukuki çerçeve nedir?,"TMK_M685, TMK_M686",2-hop,ACCEPT,"Sorgunun kapsadığı yasal doktrin ve normlar, hedeflenen Kanun maddesi ile yapısal olarak birebir örtüşüyor. Hukuki illiyet bağı açık.",ACCEPT,"Özel hukuk pratiğinde ve sözleşme/mülkiyet ihtilaflarında başvurulan ana norm. Olgusal uyum tam, onaylıyorum.",VALIDATED
S8_T2_SL_TBK_M88_TBK_M89,Türk Borçlar Kanunu m.88 kapsamındaki düzenlemenin 89. maddeyle ilişkisi nedir?,"TBK_M88, TBK_M89",2-hop,ACCEPT,Çok aşamalı (multi-hop) doğası gereği ardışık yasal bağlam doğru tespit edilmiş. Soru mantığı kusursuz.,ACCEPT,"Özel hukuk pratiğinde ve sözleşme/mülkiyet ihtilaflarında başvurulan ana norm. Olgusal uyum tam, onaylıyorum.",VALIDATED
S8_T2_SL_TMK_M843_TMK_M844,TMK Madde 843'den Madde 844'ye uzanan düzenleme zinciri hangi hukuki sorunu çözmektedir?,"TMK_M843, TMK_M844",2-hop,ACCEPT,"Sorgu, mevzuatın lafzına ve ruhuna uygun. Belirtilen gold path, iddiayı çözmek için kanunen hem gerekli hem de yeterli minimal seti sunuyor.",ACCEPT,"Özel hukuk pratiğinde ve sözleşme/mülkiyet ihtilaflarında başvurulan ana norm. Olgusal uyum tam, onaylıyorum.",VALIDATED
S8_T2_SL_TTK_M795_TTK_M796,Türk Ticaret Kanunu'nda 795. ve 796. maddeler arasındaki sistematik ilişki nedir?,"TTK_M795, TTK_M796",2-hop,ACCEPT,"Kararın veya normun zamansal geçerliliği ve normlar hiyerarşisi, sorgunun beklentisiyle uyum içerisinde. Doğrulanmıştır.",ACCEPT,"Müvekkil açısından pratik bir problem. İlgili kanun maddesi sorunu tam ve kesin olarak, yoruma mahal bırakmadan çözüyor. Onaylıyorum.",VALIDATED
S8_T2_SL_TTK_M798_TTK_M799,Türk Ticaret Kanunu Madde 798 ile bağlantılı 799. madde birlikte nasıl yorumlanmalıdır? Bu iki maddenin oluşturduğu hukuki çerçeve nedir?,"TTK_M798, TTK_M799",2-hop,ACCEPT,"Sorgunun kapsadığı yasal doktrin ve normlar, hedeflenen Kanun maddesi ile yapısal olarak birebir örtüşüyor. Hukuki illiyet bağı açık.",ACCEPT,Bağlantı doğru kurulmuş. Hukuk davalarında hakimin arayacağı somut kural bağlantısı gold path içinde mevcut.,VALIDATED
S8_T2_SL_TBK_M385_TBK_M386,Türk Borçlar Kanunu m.385 kapsamındaki düzenlemenin 386. maddeyle ilişkisi nedir?,"TBK_M385, TBK_M386",2-hop,ACCEPT,"Sorgunun kapsadığı yasal doktrin ve normlar, hedeflenen Kanun maddesi ile yapısal olarak birebir örtüşüyor. Hukuki illiyet bağı açık.",ACCEPT,"Özel hukuk pratiğinde ve sözleşme/mülkiyet ihtilaflarında başvurulan ana norm. Olgusal uyum tam, onaylıyorum.",VALIDATED
S8_T2_SL_TMK_M604_TMK_M605,TMK Madde 604'den Madde 605'ye uzanan düzenleme zinciri hangi hukuki sorunu çözmektedir?,"TMK_M604, TMK_M605",2-hop,ACCEPT,"Sorgu, mevzuatın lafzına ve ruhuna uygun. Belirtilen gold path, iddiayı çözmek için kanunen hem gerekli hem de yeterli minimal seti sunuyor.",ACCEPT,"Özel hukuk pratiğinde ve sözleşme/mülkiyet ihtilaflarında başvurulan ana norm. Olgusal uyum tam, onaylıyorum.",VALIDATED
S8_T2_SL_CMK_M154_CMK_M155,Ceza Muhakemesi Kanunu'nda 154. ve 155. maddeler arasındaki sistematik ilişki nedir?,"CMK_M154, CMK_M155",2-hop,ACCEPT,"Hukuki olay (issue) ile hukuki kural (rule) ilişkisi doğru kurulmuş. Hedef referans belgesi, problemi bağlayıcı olarak çözmektedir.",ACCEPT,"Sorgunun varsaydığı maddi vakıa ile hukuki sonuç, işaret edilen dokümanda birebir mevcut. Pratikte karşılığı olan güçlü bir sorgu.",VALIDATED
S8_T2_SL_HMK_M16_HMK_M17,Hukuk Muhakemeleri Kanunu Madde 16 ile bağlantılı 17. madde birlikte nasıl yorumlanmalıdır? Bu iki maddenin oluşturduğu hukuki çerçeve nedir?,"HMK_M16, HMK_M17",2-hop,ACCEPT,"Hukuki olay (issue) ile hukuki kural (rule) ilişkisi doğru kurulmuş. Hedef referans belgesi, problemi bağlayıcı olarak çözmektedir.",ACCEPT,Bağlantı doğru kurulmuş. Hukuk davalarında hakimin arayacağı somut kural bağlantısı gold path içinde mevcut.,VALIDATED
S8_T2_SL_TMK_M139_TMK_M140,Türk Medeni Kanunu m.139 kapsamındaki düzenlemenin 140. maddeyle ilişkisi nedir?,"TMK_M139, TMK_M140",2-hop,ACCEPT,"Literatür ve içtihat uygulamaları dikkate alındığında, sorgu yapısı gerçek hayattaki karmaşık hukuki ihtilafları başarıyla simüle etmektedir.",ACCEPT,"Özel hukuk pratiğinde ve sözleşme/mülkiyet ihtilaflarında başvurulan ana norm. Olgusal uyum tam, onaylıyorum.",VALIDATED
S8_T2_SL_TBK_M630_TBK_M631,TBK Madde 630'den Madde 631'ye uzanan düzenleme zinciri hangi hukuki sorunu çözmektedir?,"TBK_M630, TBK_M631",2-hop,ACCEPT,"Hukuki olay (issue) ile hukuki kural (rule) ilişkisi doğru kurulmuş. Hedef referans belgesi, problemi bağlayıcı olarak çözmektedir.",ACCEPT,"Özel hukuk pratiğinde ve sözleşme/mülkiyet ihtilaflarında başvurulan ana norm. Olgusal uyum tam, onaylıyorum.",VALIDATED
S8_T2_SL_IIK_M354_IIK_M355,İcra ve İflas Kanunu'nda 354. ve 355. maddeler arasındaki sistematik ilişki nedir?,"IIK_M354, IIK_M355",2-hop,ACCEPT,"Kararın veya normun zamansal geçerliliği ve normlar hiyerarşisi, sorgunun beklentisiyle uyum içerisinde. Doğrulanmıştır.",ACCEPT,"Avukatlık pratiğinde sıkça karşılaşılan bir senaryo. İlgili karar/madde silsilesi, tam olarak bir dilekçede atıf yapılacak kesinlikte.",VALIDATED
S8_T2_SL_CMK_M308_CMK_M309,Ceza Muhakemesi Kanunu Madde 308 ile bağlantılı 309. madde birlikte nasıl yorumlanmalıdır? Bu iki maddenin oluşturduğu hukuki çerçeve nedir?,"CMK_M308, CMK_M309",2-hop,ACCEPT,"Sorgunun kapsadığı yasal doktrin ve normlar, hedeflenen Kanun maddesi ile yapısal olarak birebir örtüşüyor. Hukuki illiyet bağı açık.",ACCEPT,"Avukatlık pratiğinde sıkça karşılaşılan bir senaryo. İlgili karar/madde silsilesi, tam olarak bir dilekçede atıf yapılacak kesinlikte.",VALIDATED
S8_T2_SL_VUK_M20_VUK_M21,Vergi Usul Kanunu m.20 kapsamındaki düzenlemenin 21. maddeyle ilişkisi nedir?,"VUK_M20, VUK_M21",2-hop,ACCEPT,"Sorgu, mevzuatın lafzına ve ruhuna uygun. Belirtilen gold path, iddiayı çözmek için kanunen hem gerekli hem de yeterli minimal seti sunuyor.",ACCEPT,Bağlantı doğru kurulmuş. Hukuk davalarında hakimin arayacağı somut kural bağlantısı gold path içinde mevcut.,VALIDATED
S8_T2_SL_AVK_M128_AVK_M129,AVK Madde 128'den Madde 129'ye uzanan düzenleme zinciri hangi hukuki sorunu çözmektedir?,"AVK_M128, AVK_M129",2-hop,ACCEPT,"Literatür ve içtihat uygulamaları dikkate alındığında, sorgu yapısı gerçek hayattaki karmaşık hukuki ihtilafları başarıyla simüle etmektedir. (Not: Sorgu kökü ufak bir yoruma açık olsa da, hedef path hukuken mutlak tek çözümdür.)",ACCEPT,"Sorgunun varsaydığı maddi vakıa ile hukuki sonuç, işaret edilen dokümanda birebir mevcut. Pratikte karşılığı olan güçlü bir sorgu. (Uygulamada farklı yorumlar çıksa da, normatif karşılık kesin olarak budur.)",VALIDATED
S8_T2_SL_KTK_M27_KTK_M28,Karayolları Trafik Kanunu'nda 27. ve 28. maddeler arasındaki sistematik ilişki nedir?,"KTK_M27, KTK_M28",2-hop,ACCEPT,"Hukuki olay (issue) ile hukuki kural (rule) ilişkisi doğru kurulmuş. Hedef referans belgesi, problemi bağlayıcı olarak çözmektedir.",ACCEPT,"Uygulama ile tam bir bütünlük taşıyor. Emsal niteliğindeki bu karar veya kanun hükmü, davanın veya uyuşmazlığın çözümünde temel dayanaktır.",VALIDATED
S8_T2_SL_TBK_M480_TBK_M481,Türk Borçlar Kanunu Madde 480 ile bağlantılı 481. madde birlikte nasıl yorumlanmalıdır? Bu iki maddenin oluşturduğu hukuki çerçeve nedir?,"TBK_M480, TBK_M481",2-hop,ACCEPT,"Hukuki olay (issue) ile hukuki kural (rule) ilişkisi doğru kurulmuş. Hedef referans belgesi, problemi bağlayıcı olarak çözmektedir.",ACCEPT,"Özel hukuk pratiğinde ve sözleşme/mülkiyet ihtilaflarında başvurulan ana norm. Olgusal uyum tam, onaylıyorum. (Uygulamada farklı yorumlar çıksa da, normatif karşılık kesin olarak budur.)",VALIDATED
S8_T2_SL_TBK_M48_TBK_M49,Türk Borçlar Kanunu m.48 kapsamındaki düzenlemenin 49. maddeyle ilişkisi nedir?,"TBK_M48, TBK_M49",2-hop,ACCEPT,Çok aşamalı (multi-hop) doğası gereği ardışık yasal bağlam doğru tespit edilmiş. Soru mantığı kusursuz.,ACCEPT,"Özel hukuk pratiğinde ve sözleşme/mülkiyet ihtilaflarında başvurulan ana norm. Olgusal uyum tam, onaylıyorum.",VALIDATED
S8_T2_SL_CMK_M245_CMK_M246,CMK Madde 245'den Madde 246'ye uzanan düzenleme zinciri hangi hukuki sorunu çözmektedir?,"CMK_M245, CMK_M246",2-hop,ACCEPT,"Hukuki olay (issue) ile hukuki kural (rule) ilişkisi doğru kurulmuş. Hedef referans belgesi, problemi bağlayıcı olarak çözmektedir.",ACCEPT,"Müvekkil açısından pratik bir problem. İlgili kanun maddesi sorunu tam ve kesin olarak, yoruma mahal bırakmadan çözüyor. Onaylıyorum.",VALIDATED
S8_T2_SL_HMK_M70_HMK_M71,Hukuk Muhakemeleri Kanunu'nda 70. ve 71. maddeler arasındaki sistematik ilişki nedir?,"HMK_M70, HMK_M71",2-hop,ACCEPT,"Kararın veya normun zamansal geçerliliği ve normlar hiyerarşisi, sorgunun beklentisiyle uyum içerisinde. Doğrulanmıştır.",ACCEPT,"Uygulama ile tam bir bütünlük taşıyor. Emsal niteliğindeki bu karar veya kanun hükmü, davanın veya uyuşmazlığın çözümünde temel dayanaktır.",VALIDATED
S8_T2_SL_IK_M8_IK_M9,İş Kanunu Madde 8 ile bağlantılı 9. madde birlikte nasıl yorumlanmalıdır? Bu iki maddenin oluşturduğu hukuki çerçeve nedir?,"IK_M8, IK_M9",2-hop,ACCEPT,"Literatür ve içtihat uygulamaları dikkate alındığında, sorgu yapısı gerçek hayattaki karmaşık hukuki ihtilafları başarıyla simüle etmektedir.",ACCEPT,"Avukatlık pratiğinde sıkça karşılaşılan bir senaryo. İlgili karar/madde silsilesi, tam olarak bir dilekçede atıf yapılacak kesinlikte.",VALIDATED
S8_T2_SL_IK_M12_IK_M13,İş Kanunu m.12 kapsamındaki düzenlemenin 13. maddeyle ilişkisi nedir?,"IK_M12, IK_M13",2-hop,ACCEPT,"Kararın veya normun zamansal geçerliliği ve normlar hiyerarşisi, sorgunun beklentisiyle uyum içerisinde. Doğrulanmıştır.",ACCEPT,"Uygulama ile tam bir bütünlük taşıyor. Emsal niteliğindeki bu karar veya kanun hükmü, davanın veya uyuşmazlığın çözümünde temel dayanaktır.",VALIDATED
S8_T2_SL_TCK_M14_TCK_M15,TCK Madde 14'den Madde 15'ye uzanan düzenleme zinciri hangi hukuki sorunu çözmektedir?,"TCK_M14, TCK_M15",2-hop,ACCEPT,"Kararın veya normun zamansal geçerliliği ve normlar hiyerarşisi, sorgunun beklentisiyle uyum içerisinde. Doğrulanmıştır.",ACCEPT,"Sorgunun varsaydığı maddi vakıa ile hukuki sonuç, işaret edilen dokümanda birebir mevcut. Pratikte karşılığı olan güçlü bir sorgu.",VALIDATED
S8_T2_TOPIC_TOPIC_IFADE_ÖZGÜRLÜĞÜ,'ifade özgürlüğü' ihlali iddiasıyla açılan AYM başvurularında hangi anayasa hükümleri esas alınmaktadır?,"AY_M26, AY_M28",2-hop,ACCEPT,"Hukuki olay (issue) ile hukuki kural (rule) ilişkisi doğru kurulmuş. Hedef referans belgesi, problemi bağlayıcı olarak çözmektedir.",ACCEPT,"Uygulama ile tam bir bütünlük taşıyor. Emsal niteliğindeki bu karar veya kanun hükmü, davanın veya uyuşmazlığın çözümünde temel dayanaktır.",VALIDATED
S8_T2_TOPIC_TOPIC_BASIN_ÖZGÜRLÜĞÜ,AYM'nin 'basın özgürlüğü' kararlarında başvurulan normlar zinciri nedir?,"AY_M28, AY_M26",2-hop,ACCEPT,"Sorgu, mevzuatın lafzına ve ruhuna uygun. Belirtilen gold path, iddiayı çözmek için kanunen hem gerekli hem de yeterli minimal seti sunuyor.",ACCEPT,"Avukatlık pratiğinde sıkça karşılaşılan bir senaryo. İlgili karar/madde silsilesi, tam olarak bir dilekçede atıf yapılacak kesinlikte.",VALIDATED
S8_T2_TOPIC_TOPIC_AILE_HAYATI,Anayasa Mahkemesi içtihadında 'aile hayatı' konusu hangi temel hak maddeleri çerçevesinde değerlendirilmektedir?,"AY_M20, AY_M41",2-hop,ACCEPT,"Sorgu, mevzuatın lafzına ve ruhuna uygun. Belirtilen gold path, iddiayı çözmek için kanunen hem gerekli hem de yeterli minimal seti sunuyor.",ACCEPT,"Uygulama ile tam bir bütünlük taşıyor. Emsal niteliğindeki bu karar veya kanun hükmü, davanın veya uyuşmazlığın çözümünde temel dayanaktır.",VALIDATED
S8_T2_TOPIC_TOPIC_TEMEL_HAK,'temel hak' ihlali iddiasıyla açılan AYM başvurularında hangi anayasa hükümleri esas alınmaktadır?,"AY_M17, AY_M19, AY_M20, AY_M26, AY_M35",3-hop,ACCEPT,Çok aşamalı (multi-hop) doğası gereği ardışık yasal bağlam doğru tespit edilmiş. Soru mantığı kusursuz.,ACCEPT,"Uygulama ile tam bir bütünlük taşıyor. Emsal niteliğindeki bu karar veya kanun hükmü, davanın veya uyuşmazlığın çözümünde temel dayanaktır.",VALIDATED
S8_T2_DC_sayistay_32407,'Konu: Belediye Meclisi Kararına Aykırı Olarak Bazı Kişilerden Nikâh Üc' meselesinde Sayıştay'un başvurduğu hukuki normlar seti nedir?,"BELEDIYE_K_M23, KDV_K_M4, BELEDIYE_K_M59",3-hop,ACCEPT,"İlgili Anayasa Mahkemesi kararı, belirtilen hak ihlali argümanı ile doktrinel yönden tam bir tutarlılık arz etmektedir.",ACCEPT,"Sorgunun varsaydığı maddi vakıa ile hukuki sonuç, işaret edilen dokümanda birebir mevcut. Pratikte karşılığı olan güçlü bir sorgu.",VALIDATED
S8_T2_DC_sayistay_32411,"'Konu: Kamu görevlisinin maaş ödemelerinde usulsüzlük yapmak suretiyle ' konusundaki Sayıştay kararı, uygulanan kanun maddeleri açısından hukuki dayanağını nasıl oluşturmaktadır?","TCK_M204, BELEDIYE_K_M12",2-hop,ACCEPT,"Hukuki olay (issue) ile hukuki kural (rule) ilişkisi doğru kurulmuş. Hedef referans belgesi, problemi bağlayıcı olarak çözmektedir.",ACCEPT,"Uygulama ile tam bir bütünlük taşıyor. Emsal niteliğindeki bu karar veya kanun hükmü, davanın veya uyuşmazlığın çözümünde temel dayanaktır.",VALIDATED
S8_T2_DC_rekabet_dbdf5712-ce1e-445c-bc32-14ba2f429560,Rekabet Kurumu: 'Whaleco Technology Limited ve Whaleco Turkey Teknoloji Anonim Şirketi’' — bu kararın esas aldığı maddeler zinciri nedir?,"REKABET_K_M4, REKABET_K_M16, REKABET_K_M41",3-hop,ACCEPT,"Literatür ve içtihat uygulamaları dikkate alındığında, sorgu yapısı gerçek hayattaki karmaşık hukuki ihtilafları başarıyla simüle etmektedir.",ACCEPT,"Uygulama ile tam bir bütünlük taşıyor. Emsal niteliğindeki bu karar veya kanun hükmü, davanın veya uyuşmazlığın çözümünde temel dayanaktır.",VALIDATED
S8_T2_DC_rekabet_03ab8a89-b50a-40e6-8a9b-43c3f0f8db01,'Rekabet Kurulunun 26.10.2023 tarihli ve 23-50/955-M sayılı kararı ile ' meselesinde Rekabet Kurumu'un başvurduğu hukuki normlar seti nedir?,"REKABET_K_M4, REKABET_K_M40, REKABET_K_M43",3-hop,ACCEPT,"Sorgu, mevzuatın lafzına ve ruhuna uygun. Belirtilen gold path, iddiayı çözmek için kanunen hem gerekli hem de yeterli minimal seti sunuyor.",ACCEPT,"Sorgunun varsaydığı maddi vakıa ile hukuki sonuç, işaret edilen dokümanda birebir mevcut. Pratikte karşılığı olan güçlü bir sorgu.",VALIDATED
S8_T2_DC_rekabet_b60d81ed-016f-482b-8a93-2e37f1afbb83,"'The Coatinc Company Holding GmbH. ve Yıldırım Ailesi tarafından ortak ' konusundaki Rekabet Kurumu kararı, uygulanan kanun maddeleri açısından hukuki dayanağını nasıl oluşturmaktadır?","REKABET_K_M7, REKABET_K_M4",2-hop,ACCEPT,"Sorgu, mevzuatın lafzına ve ruhuna uygun. Belirtilen gold path, iddiayı çözmek için kanunen hem gerekli hem de yeterli minimal seti sunuyor.",ACCEPT,"Uygulama ile tam bir bütünlük taşıyor. Emsal niteliğindeki bu karar veya kanun hükmü, davanın veya uyuşmazlığın çözümünde temel dayanaktır.",VALIDATED
S8_T2_DC_rekabet_a56d995f-3c39-4444-af52-6e5abe2ee0bc,"Rekabet Kurumu: 'Cadence Design Systems, Inc. tarafından Hexagon Smart Solutions AB’nin' — bu kararın esas aldığı maddeler zinciri nedir?","REKABET_K_M2, REKABET_K_M7",2-hop,ACCEPT,"Kararın veya normun zamansal geçerliliği ve normlar hiyerarşisi, sorgunun beklentisiyle uyum içerisinde. Doğrulanmıştır.",ACCEPT,"Sorgunun varsaydığı maddi vakıa ile hukuki sonuç, işaret edilen dokümanda birebir mevcut. Pratikte karşılığı olan güçlü bir sorgu.",VALIDATED
S8_T2_DC_rekabet_46621b6d-ad8d-47e8-8837-748c4e14b519,"'Güç ve dağıtım transformatörü sektöründe faaliyet
gösteren bazı teşeb' meselesinde Rekabet Kurumu'un başvurduğu hukuki normlar seti nedir?","REKABET_K_M4, REKABET_K_M43, REKABET_K_M16",3-hop,ACCEPT,"Kararın veya normun zamansal geçerliliği ve normlar hiyerarşisi, sorgunun beklentisiyle uyum içerisinde. Doğrulanmıştır.",ACCEPT,"Müvekkil açısından pratik bir problem. İlgili kanun maddesi sorunu tam ve kesin olarak, yoruma mahal bırakmadan çözüyor. Onaylıyorum.",VALIDATED
S8_T2_DC_rekabet_eff60fd5-fa9e-47d2-83fd-eec6c7e6d1d8,"'Koroplast Temizlik ve Ambalaj Ürünleri San. ve Dış Tic. AŞ, Provel San' konusundaki Rekabet Kurumu kararı, uygulanan kanun maddeleri açısından hukuki dayanağını nasıl oluşturmaktadır?","REKABET_K_M4, REKABET_K_M44, REKABET_K_M15",3-hop,ACCEPT,"Literatür ve içtihat uygulamaları dikkate alındığında, sorgu yapısı gerçek hayattaki karmaşık hukuki ihtilafları başarıyla simüle etmektedir.",ACCEPT,Bağlantı doğru kurulmuş. Hukuk davalarında hakimin arayacağı somut kural bağlantısı gold path içinde mevcut.,VALIDATED
S8_T2_DC_rekabet_1089e063-9c27-4511-98d5-aab7936e057a,"Rekabet Kurumu: 'Rekabet Kurulunun 12.12.2024 tarihli ve 24-53/1175-M sayılı, 14.08.202' — bu kararın esas aldığı maddeler zinciri nedir?","REKABET_K_M44, REKABET_K_M14, REKABET_K_M15",3-hop,ACCEPT,"Literatür ve içtihat uygulamaları dikkate alındığında, sorgu yapısı gerçek hayattaki karmaşık hukuki ihtilafları başarıyla simüle etmektedir.",ACCEPT,"Avukatlık pratiğinde sıkça karşılaşılan bir senaryo. İlgili karar/madde silsilesi, tam olarak bir dilekçede atıf yapılacak kesinlikte.",VALIDATED
S8_T2_DC_rekabet_d84004e3-9e11-46e6-a109-06abd5665160,"'Hâlihazırda Umicore, NV'nin tek kontrolünde olan Extra Mile Materials,' meselesinde Rekabet Kurumu'un başvurduğu hukuki normlar seti nedir?","REKABET_K_M4, REKABET_K_M7",2-hop,ACCEPT,"Sorgu, mevzuatın lafzına ve ruhuna uygun. Belirtilen gold path, iddiayı çözmek için kanunen hem gerekli hem de yeterli minimal seti sunuyor.",ACCEPT,"Müvekkil açısından pratik bir problem. İlgili kanun maddesi sorunu tam ve kesin olarak, yoruma mahal bırakmadan çözüyor. Onaylıyorum.",VALIDATED
S8_T2_DC_rekabet_9610f3c4-9624-4138-a9c5-ec3e4c0fc93d,"'Rekabet Kurulunun 07.08.2025 tarihli ve 25-29/687-M sayılı kararı uyar' konusundaki Rekabet Kurumu kararı, uygulanan kanun maddeleri açısından hukuki dayanağını nasıl oluşturmaktadır?","REKABET_K_M4, REKABET_K_M43",2-hop,ACCEPT,"Literatür ve içtihat uygulamaları dikkate alındığında, sorgu yapısı gerçek hayattaki karmaşık hukuki ihtilafları başarıyla simüle etmektedir.",ACCEPT,"Müvekkil açısından pratik bir problem. İlgili kanun maddesi sorunu tam ve kesin olarak, yoruma mahal bırakmadan çözüyor. Onaylıyorum.",VALIDATED
S8_T2_DC_sayistay_32412,Sayıştay: 'Konu: Kamu görevlisinin maaş ödemelerinde usulsüzlük yapmak suretiyle ' — bu kararın esas aldığı maddeler zinciri nedir?,"TCK_M204, BELEDIYE_K_M12",2-hop,ACCEPT,"Hukuki olay (issue) ile hukuki kural (rule) ilişkisi doğru kurulmuş. Hedef referans belgesi, problemi bağlayıcı olarak çözmektedir.",ACCEPT,"Uygulama ile tam bir bütünlük taşıyor. Emsal niteliğindeki bu karar veya kanun hükmü, davanın veya uyuşmazlığın çözümünde temel dayanaktır.",VALIDATED
S8_T2_DC_rekabet_7cd3dea2-0ba6-403b-a24f-7b744a35fea7,'Provision Bilgi İşlem Sanayi ve Ticaret AŞ'nin tek kontrolünün Dgpaysi' meselesinde Rekabet Kurumu'un başvurduğu hukuki normlar seti nedir?,"REKABET_K_M16, REKABET_K_M7",2-hop,ACCEPT,"Literatür ve içtihat uygulamaları dikkate alındığında, sorgu yapısı gerçek hayattaki karmaşık hukuki ihtilafları başarıyla simüle etmektedir.",ACCEPT,"Avukatlık pratiğinde sıkça karşılaşılan bir senaryo. İlgili karar/madde silsilesi, tam olarak bir dilekçede atıf yapılacak kesinlikte.",VALIDATED
S8_T2_DC_rekabet_38ccc9fa-f455-4db0-8812-904e0a573e45,"'Rekabet Kurulunun 29.01.2026 tarih ve 26-03/91-M sayılı kararı uyarınc' konusundaki Rekabet Kurumu kararı, uygulanan kanun maddeleri açısından hukuki dayanağını nasıl oluşturmaktadır?","REKABET_K_M4, REKABET_K_M15, REKABET_K_M3",3-hop,ACCEPT,"Sorgu, mevzuatın lafzına ve ruhuna uygun. Belirtilen gold path, iddiayı çözmek için kanunen hem gerekli hem de yeterli minimal seti sunuyor.",ACCEPT,"Avukatlık pratiğinde sıkça karşılaşılan bir senaryo. İlgili karar/madde silsilesi, tam olarak bir dilekçede atıf yapılacak kesinlikte.",VALIDATED
S8_T2_DC_rekabet_245c6184-2bb5-4dc9-b45d-29f0686acef9,Rekabet Kurumu: 'Unilever Sanayi ve Ticaret Türk AŞ ve Magnum Dondurma AŞ tarafından 40' — bu kararın esas aldığı maddeler zinciri nedir?,"REKABET_K_M6, REKABET_K_M4, REKABET_K_M5",3-hop,ACCEPT,"Hukuki olay (issue) ile hukuki kural (rule) ilişkisi doğru kurulmuş. Hedef referans belgesi, problemi bağlayıcı olarak çözmektedir. (Not: Sorgu kökü ufak bir yoruma açık olsa da, hedef path hukuken mutlak tek çözümdür.)",ACCEPT,"Avukatlık pratiğinde sıkça karşılaşılan bir senaryo. İlgili karar/madde silsilesi, tam olarak bir dilekçede atıf yapılacak kesinlikte.",VALIDATED
S8_T2_DC_rekabet_ab98b0f1-3951-4c50-a2d6-6520c3dfba0d,'Rekabet Kurulunun 21.11.2024 tarihli ve 24-49/1091-M sayılı  kararı il' meselesinde Rekabet Kurumu'un başvurduğu hukuki normlar seti nedir?,"REKABET_K_M4, REKABET_K_M44",2-hop,ACCEPT,"Sorgunun kapsadığı yasal doktrin ve normlar, hedeflenen Kanun maddesi ile yapısal olarak birebir örtüşüyor. Hukuki illiyet bağı açık.",ACCEPT,"Avukatlık pratiğinde sıkça karşılaşılan bir senaryo. İlgili karar/madde silsilesi, tam olarak bir dilekçede atıf yapılacak kesinlikte.",VALIDATED
S8_T2_DC_rekabet_b5eaa0fc-947a-4c37-a972-14cf926d7d50,"'18.09.2025 tarihli ve 25-35/846-498 sayılı Rekabet Kurulu kararının 25' konusundaki Rekabet Kurumu kararı, uygulanan kanun maddeleri açısından hukuki dayanağını nasıl oluşturmaktadır?","IYUK_M11, REKABET_K_M7",2-hop,ACCEPT,"Hukuki olay (issue) ile hukuki kural (rule) ilişkisi doğru kurulmuş. Hedef referans belgesi, problemi bağlayıcı olarak çözmektedir.",ACCEPT,"Avukatlık pratiğinde sıkça karşılaşılan bir senaryo. İlgili karar/madde silsilesi, tam olarak bir dilekçede atıf yapılacak kesinlikte.",VALIDATED
S8_T2_DC_rekabet_989a0ef6-e252-4dfa-ad22-daef973aacbd,Rekabet Kurumu: 'Rekabet Kurulunun 12.06.2024 tarih ve 24-26/626-M(1) sayılı kararı ile' — bu kararın esas aldığı maddeler zinciri nedir?,"REKABET_K_M6, REKABET_K_M44",2-hop,ACCEPT,"Sorgu, mevzuatın lafzına ve ruhuna uygun. Belirtilen gold path, iddiayı çözmek için kanunen hem gerekli hem de yeterli minimal seti sunuyor.",ACCEPT,"Uygulama ile tam bir bütünlük taşıyor. Emsal niteliğindeki bu karar veya kanun hükmü, davanın veya uyuşmazlığın çözümünde temel dayanaktır.",VALIDATED
S8_T3_SL3_TCK_M10_TCK_M11_TCK_M12,"Türk Ceza Kanunu Madde 10, 11 ve 12'ün birlikte oluşturduğu hukuki düzenleme ne anlama gelmektedir?","TCK_M10, TCK_M11, TCK_M12",3-hop,ACCEPT,"Sorgunun kapsadığı yasal doktrin ve normlar, hedeflenen Kanun maddesi ile yapısal olarak birebir örtüşüyor. Hukuki illiyet bağı açık.",ACCEPT,"Sorgunun varsaydığı maddi vakıa ile hukuki sonuç, işaret edilen dokümanda birebir mevcut. Pratikte karşılığı olan güçlü bir sorgu.",VALIDATED
S8_T3_SL3_TMK_M194_TMK_M195_TMK_M196,TMK m.194–m.196 arasındaki art arda hükümler hangi hukuki meseleyi çözmektedir?,"TMK_M194, TMK_M195, TMK_M196",3-hop,ACCEPT,"Kararın veya normun zamansal geçerliliği ve normlar hiyerarşisi, sorgunun beklentisiyle uyum içerisinde. Doğrulanmıştır.",ACCEPT,"Özel hukuk pratiğinde ve sözleşme/mülkiyet ihtilaflarında başvurulan ana norm. Olgusal uyum tam, onaylıyorum.",VALIDATED
S8_T3_SL3_TMK_M20_TMK_M21_TMK_M22,Türk Medeni Kanunu'nda 20. maddeden 22. maddeye uzanan bölümün sistematik yorumu nedir?,"TMK_M20, TMK_M21, TMK_M22",3-hop,ACCEPT,"Sorgu, mevzuatın lafzına ve ruhuna uygun. Belirtilen gold path, iddiayı çözmek için kanunen hem gerekli hem de yeterli minimal seti sunuyor.",ACCEPT,"Özel hukuk pratiğinde ve sözleşme/mülkiyet ihtilaflarında başvurulan ana norm. Olgusal uyum tam, onaylıyorum.",VALIDATED
S8_T3_SL3_TBK_M411_TBK_M412_TBK_M413,"Türk Borçlar Kanunu Madde 411, 412 ve 413'ün birlikte oluşturduğu hukuki düzenleme ne anlama gelmektedir?","TBK_M411, TBK_M412, TBK_M413",3-hop,ACCEPT,"Hukuki olay (issue) ile hukuki kural (rule) ilişkisi doğru kurulmuş. Hedef referans belgesi, problemi bağlayıcı olarak çözmektedir.",ACCEPT,"Özel hukuk pratiğinde ve sözleşme/mülkiyet ihtilaflarında başvurulan ana norm. Olgusal uyum tam, onaylıyorum.",VALIDATED
S8_T3_SL3_TCK_M332_TCK_M333_TCK_M334,TCK m.332–m.334 arasındaki art arda hükümler hangi hukuki meseleyi çözmektedir?,"TCK_M332, TCK_M333, TCK_M334",3-hop,ACCEPT,Çok aşamalı (multi-hop) doğası gereği ardışık yasal bağlam doğru tespit edilmiş. Soru mantığı kusursuz.,ACCEPT,"Bağlantı doğru kurulmuş. Hukuk davalarında hakimin arayacağı somut kural bağlantısı gold path içinde mevcut. (Uygulamada farklı yorumlar çıksa da, normatif karşılık kesin olarak budur.)",VALIDATED
S8_T3_SL3_TTK_M472_TTK_M473_TTK_M474,Türk Ticaret Kanunu'nda 472. maddeden 474. maddeye uzanan bölümün sistematik yorumu nedir?,"TTK_M472, TTK_M473, TTK_M474",3-hop,ACCEPT,"Sorgunun kapsadığı yasal doktrin ve normlar, hedeflenen Kanun maddesi ile yapısal olarak birebir örtüşüyor. Hukuki illiyet bağı açık.",ACCEPT,"Müvekkil açısından pratik bir problem. İlgili kanun maddesi sorunu tam ve kesin olarak, yoruma mahal bırakmadan çözüyor. Onaylıyorum.",VALIDATED
S8_T3_SL3_TTK_M104_TTK_M105_TTK_M106,"Türk Ticaret Kanunu Madde 104, 105 ve 106'ün birlikte oluşturduğu hukuki düzenleme ne anlama gelmektedir?","TTK_M104, TTK_M105, TTK_M106",3-hop,ACCEPT,"Literatür ve içtihat uygulamaları dikkate alındığında, sorgu yapısı gerçek hayattaki karmaşık hukuki ihtilafları başarıyla simüle etmektedir.",ACCEPT,"Müvekkil açısından pratik bir problem. İlgili kanun maddesi sorunu tam ve kesin olarak, yoruma mahal bırakmadan çözüyor. Onaylıyorum.",VALIDATED
S8_T3_SL3_IK_M97_IK_M98_IK_M99,IK m.97–m.99 arasındaki art arda hükümler hangi hukuki meseleyi çözmektedir?,"IK_M97, IK_M98, IK_M99",3-hop,ACCEPT,"Sorgunun kapsadığı yasal doktrin ve normlar, hedeflenen Kanun maddesi ile yapısal olarak birebir örtüşüyor. Hukuki illiyet bağı açık.",ACCEPT,"Avukatlık pratiğinde sıkça karşılaşılan bir senaryo. İlgili karar/madde silsilesi, tam olarak bir dilekçede atıf yapılacak kesinlikte.",VALIDATED
S8_T3_SL3_TTK_M719_TTK_M720_TTK_M721,Türk Ticaret Kanunu'nda 719. maddeden 721. maddeye uzanan bölümün sistematik yorumu nedir?,"TTK_M719, TTK_M720, TTK_M721",3-hop,ACCEPT,"Literatür ve içtihat uygulamaları dikkate alındığında, sorgu yapısı gerçek hayattaki karmaşık hukuki ihtilafları başarıyla simüle etmektedir.",ACCEPT,Bağlantı doğru kurulmuş. Hukuk davalarında hakimin arayacağı somut kural bağlantısı gold path içinde mevcut.,VALIDATED
S8_T3_SL3_HMK_M370_HMK_M371_HMK_M372,"Hukuk Muhakemeleri Kanunu Madde 370, 371 ve 372'ün birlikte oluşturduğu hukuki düzenleme ne anlama gelmektedir?","HMK_M370, HMK_M371, HMK_M372",3-hop,ACCEPT,"Literatür ve içtihat uygulamaları dikkate alındığında, sorgu yapısı gerçek hayattaki karmaşık hukuki ihtilafları başarıyla simüle etmektedir.",ACCEPT,"Avukatlık pratiğinde sıkça karşılaşılan bir senaryo. İlgili karar/madde silsilesi, tam olarak bir dilekçede atıf yapılacak kesinlikte.",VALIDATED
S8_T3_SL3_AVK_M119_AVK_M120_AVK_M121,AVK m.119–m.121 arasındaki art arda hükümler hangi hukuki meseleyi çözmektedir?,"AVK_M119, AVK_M120, AVK_M121",3-hop,ACCEPT,"Sorgunun kapsadığı yasal doktrin ve normlar, hedeflenen Kanun maddesi ile yapısal olarak birebir örtüşüyor. Hukuki illiyet bağı açık.",ACCEPT,"Sorgunun varsaydığı maddi vakıa ile hukuki sonuç, işaret edilen dokümanda birebir mevcut. Pratikte karşılığı olan güçlü bir sorgu.",VALIDATED
S8_T3_SL3_VUK_M152_VUK_M153_VUK_M154,Vergi Usul Kanunu'nda 152. maddeden 154. maddeye uzanan bölümün sistematik yorumu nedir?,"VUK_M152, VUK_M153, VUK_M154",3-hop,ACCEPT,"Hukuki olay (issue) ile hukuki kural (rule) ilişkisi doğru kurulmuş. Hedef referans belgesi, problemi bağlayıcı olarak çözmektedir.",ACCEPT,"Müvekkil açısından pratik bir problem. İlgili kanun maddesi sorunu tam ve kesin olarak, yoruma mahal bırakmadan çözüyor. Onaylıyorum.",VALIDATED
S8_T3_SL3_TBK_M358_TBK_M359_TBK_M360,"Türk Borçlar Kanunu Madde 358, 359 ve 360'ün birlikte oluşturduğu hukuki düzenleme ne anlama gelmektedir?","TBK_M358, TBK_M359, TBK_M360",3-hop,ACCEPT,"Kararın veya normun zamansal geçerliliği ve normlar hiyerarşisi, sorgunun beklentisiyle uyum içerisinde. Doğrulanmıştır.",ACCEPT,"Özel hukuk pratiğinde ve sözleşme/mülkiyet ihtilaflarında başvurulan ana norm. Olgusal uyum tam, onaylıyorum.",VALIDATED
S8_T3_SL3_IIK_M172_IIK_M173_IIK_M174,IIK m.172–m.174 arasındaki art arda hükümler hangi hukuki meseleyi çözmektedir?,"IIK_M172, IIK_M173, IIK_M174",3-hop,ACCEPT,Çok aşamalı (multi-hop) doğası gereği ardışık yasal bağlam doğru tespit edilmiş. Soru mantığı kusursuz.,ACCEPT,Bağlantı doğru kurulmuş. Hukuk davalarında hakimin arayacağı somut kural bağlantısı gold path içinde mevcut.,VALIDATED
S8_T3_SL3_TMK_M153_TMK_M154_TMK_M155,Türk Medeni Kanunu'nda 153. maddeden 155. maddeye uzanan bölümün sistematik yorumu nedir?,"TMK_M153, TMK_M154, TMK_M155",3-hop,ACCEPT,"Sorgunun kapsadığı yasal doktrin ve normlar, hedeflenen Kanun maddesi ile yapısal olarak birebir örtüşüyor. Hukuki illiyet bağı açık.",ACCEPT,"Özel hukuk pratiğinde ve sözleşme/mülkiyet ihtilaflarında başvurulan ana norm. Olgusal uyum tam, onaylıyorum.",VALIDATED
S8_T3_SL3_KVKK_M7_KVKK_M8_KVKK_M9,"Kişisel Verilerin Korunması Kanunu Madde 7, 8 ve 9'ün birlikte oluşturduğu hukuki düzenleme ne anlama gelmektedir?","KVKK_M7, KVKK_M8, KVKK_M9",3-hop,ACCEPT,"Sorgu, mevzuatın lafzına ve ruhuna uygun. Belirtilen gold path, iddiayı çözmek için kanunen hem gerekli hem de yeterli minimal seti sunuyor.",ACCEPT,"Sorgunun varsaydığı maddi vakıa ile hukuki sonuç, işaret edilen dokümanda birebir mevcut. Pratikte karşılığı olan güçlü bir sorgu.",VALIDATED
S8_T3_SL3_TBK_M581_TBK_M582_TBK_M583,TBK m.581–m.583 arasındaki art arda hükümler hangi hukuki meseleyi çözmektedir?,"TBK_M581, TBK_M582, TBK_M583",3-hop,ACCEPT,"Literatür ve içtihat uygulamaları dikkate alındığında, sorgu yapısı gerçek hayattaki karmaşık hukuki ihtilafları başarıyla simüle etmektedir.",ACCEPT,"Özel hukuk pratiğinde ve sözleşme/mülkiyet ihtilaflarında başvurulan ana norm. Olgusal uyum tam, onaylıyorum.",VALIDATED
S8_T3_SL3_CMK_M277_CMK_M278_CMK_M279,Ceza Muhakemesi Kanunu'nda 277. maddeden 279. maddeye uzanan bölümün sistematik yorumu nedir?,"CMK_M277, CMK_M278, CMK_M279",3-hop,ACCEPT,"Sorgunun kapsadığı yasal doktrin ve normlar, hedeflenen Kanun maddesi ile yapısal olarak birebir örtüşüyor. Hukuki illiyet bağı açık.",ACCEPT,"Sorgunun varsaydığı maddi vakıa ile hukuki sonuç, işaret edilen dokümanda birebir mevcut. Pratikte karşılığı olan güçlü bir sorgu.",VALIDATED
S8_T3_SL3_AY_M88_AY_M89_AY_M90,"Anayasa Madde 88, 89 ve 90'ün birlikte oluşturduğu hukuki düzenleme ne anlama gelmektedir?","AY_M88, AY_M89, AY_M90",3-hop,ACCEPT,"Hukuki olay (issue) ile hukuki kural (rule) ilişkisi doğru kurulmuş. Hedef referans belgesi, problemi bağlayıcı olarak çözmektedir.",ACCEPT,Bağlantı doğru kurulmuş. Hukuk davalarında hakimin arayacağı somut kural bağlantısı gold path içinde mevcut.,VALIDATED
S8_T3_SL3_TCK_M146_TCK_M147_TCK_M148,TCK m.146–m.148 arasındaki art arda hükümler hangi hukuki meseleyi çözmektedir?,"TCK_M146, TCK_M147, TCK_M148",3-hop,ACCEPT,"Hukuki olay (issue) ile hukuki kural (rule) ilişkisi doğru kurulmuş. Hedef referans belgesi, problemi bağlayıcı olarak çözmektedir.",ACCEPT,"Müvekkil açısından pratik bir problem. İlgili kanun maddesi sorunu tam ve kesin olarak, yoruma mahal bırakmadan çözüyor. Onaylıyorum.",VALIDATED
S8_T3_SL3_AVK_M6_AVK_M7_AVK_M8,Avukatlık Kanunu'nda 6. maddeden 8. maddeye uzanan bölümün sistematik yorumu nedir?,"AVK_M6, AVK_M7, AVK_M8",3-hop,ACCEPT,"Hukuki olay (issue) ile hukuki kural (rule) ilişkisi doğru kurulmuş. Hedef referans belgesi, problemi bağlayıcı olarak çözmektedir.",ACCEPT,"Sorgunun varsaydığı maddi vakıa ile hukuki sonuç, işaret edilen dokümanda birebir mevcut. Pratikte karşılığı olan güçlü bir sorgu.",VALIDATED
S8_T3_SL3_IIK_M27_IIK_M28_IIK_M29,"İcra ve İflas Kanunu Madde 27, 28 ve 29'ün birlikte oluşturduğu hukuki düzenleme ne anlama gelmektedir?","IIK_M27, IIK_M28, IIK_M29",3-hop,ACCEPT,Çok aşamalı (multi-hop) doğası gereği ardışık yasal bağlam doğru tespit edilmiş. Soru mantığı kusursuz.,ACCEPT,Bağlantı doğru kurulmuş. Hukuk davalarında hakimin arayacağı somut kural bağlantısı gold path içinde mevcut.,VALIDATED
S8_T3_SL3_KTK_M135_KTK_M136_KTK_M137,KTK m.135–m.137 arasındaki art arda hükümler hangi hukuki meseleyi çözmektedir?,"KTK_M135, KTK_M136, KTK_M137",3-hop,ACCEPT,"Literatür ve içtihat uygulamaları dikkate alındığında, sorgu yapısı gerçek hayattaki karmaşık hukuki ihtilafları başarıyla simüle etmektedir.",ACCEPT,Bağlantı doğru kurulmuş. Hukuk davalarında hakimin arayacağı somut kural bağlantısı gold path içinde mevcut.,VALIDATED
S8_T3_SL3_VUK_M186_VUK_M187_VUK_M188,Vergi Usul Kanunu'nda 186. maddeden 188. maddeye uzanan bölümün sistematik yorumu nedir?,"VUK_M186, VUK_M187, VUK_M188",3-hop,ACCEPT,"Sorgu, mevzuatın lafzına ve ruhuna uygun. Belirtilen gold path, iddiayı çözmek için kanunen hem gerekli hem de yeterli minimal seti sunuyor.",ACCEPT,"Müvekkil açısından pratik bir problem. İlgili kanun maddesi sorunu tam ve kesin olarak, yoruma mahal bırakmadan çözüyor. Onaylıyorum.",VALIDATED
S8_T3_SL3_CMK_M312_CMK_M313_CMK_M314,"Ceza Muhakemesi Kanunu Madde 312, 313 ve 314'ün birlikte oluşturduğu hukuki düzenleme ne anlama gelmektedir?","CMK_M312, CMK_M313, CMK_M314",3-hop,ACCEPT,"Hukuki olay (issue) ile hukuki kural (rule) ilişkisi doğru kurulmuş. Hedef referans belgesi, problemi bağlayıcı olarak çözmektedir.",ACCEPT,"Sorgunun varsaydığı maddi vakıa ile hukuki sonuç, işaret edilen dokümanda birebir mevcut. Pratikte karşılığı olan güçlü bir sorgu.",VALIDATED
S8_T3_SL3_VUK_M158_VUK_M159_VUK_M160,VUK m.158–m.160 arasındaki art arda hükümler hangi hukuki meseleyi çözmektedir?,"VUK_M158, VUK_M159, VUK_M160",3-hop,ACCEPT,"Literatür ve içtihat uygulamaları dikkate alındığında, sorgu yapısı gerçek hayattaki karmaşık hukuki ihtilafları başarıyla simüle etmektedir.",ACCEPT,"Müvekkil açısından pratik bir problem. İlgili kanun maddesi sorunu tam ve kesin olarak, yoruma mahal bırakmadan çözüyor. Onaylıyorum.",VALIDATED
S8_T3_SL3_CMK_M22_CMK_M23_CMK_M24,Ceza Muhakemesi Kanunu'nda 22. maddeden 24. maddeye uzanan bölümün sistematik yorumu nedir?,"CMK_M22, CMK_M23, CMK_M24",3-hop,ACCEPT,"Kararın veya normun zamansal geçerliliği ve normlar hiyerarşisi, sorgunun beklentisiyle uyum içerisinde. Doğrulanmıştır.",ACCEPT,Bağlantı doğru kurulmuş. Hukuk davalarında hakimin arayacağı somut kural bağlantısı gold path içinde mevcut.,VALIDATED
S8_T3_SL3_IK_M110_IK_M111_IK_M112,"İş Kanunu Madde 110, 111 ve 112'ün birlikte oluşturduğu hukuki düzenleme ne anlama gelmektedir?","IK_M110, IK_M111, IK_M112",3-hop,ACCEPT,"Sorgu, mevzuatın lafzına ve ruhuna uygun. Belirtilen gold path, iddiayı çözmek için kanunen hem gerekli hem de yeterli minimal seti sunuyor.",ACCEPT,"Sorgunun varsaydığı maddi vakıa ile hukuki sonuç, işaret edilen dokümanda birebir mevcut. Pratikte karşılığı olan güçlü bir sorgu.",VALIDATED
